Login,Email,First Name,Middle Name,Last Name,DOB,Gender,Address,Postal,City,Province,Country,Primary Contact,Mobile,Fax
ENRL2001,demouser1@indiatests.in,Demo,User,One,01-03-2014,m,"123, ABC",111111,New Delhi,,,9876543210,,
ENRL2002,demouser1@indiatests.in,Demo,User,Two,01-04-2014,m,"123, ABC",111111,Pune,,,9876543210,,
ENRL2003,demouser1@indiatests.in,Demo,User,Three,01-05-2014,f,"123, ABC",111111,Banglore,,,9876543210,,
ENRL2004,demouser1@indiatests.in,Demo,User,Four,01-06-2014,f,"123, ABC",111111,Hyderabad,,,9876543210,,
ENRL2005,demouser1@indiatests.in,Demo,User,Five,01-07-2014,n,"123, ABC",111111,Gurgaon,,,9876543210,,
ENRL2006,demouser1@indiatests.in,Demo,User,Six,01-08-2014,n,"123, ABC",111111,Mumbai,,,9876543210,,
ENRL2007,demouser1@indiatests.in,Demo,User,Seven,01-09-2014,f,"123, ABC",111111,Chennai,,,9876543210,,
ENRL2008,demouser1@indiatests.in,Demo,User,Seven,02-09-2014,f,"123, ABC",111112,Chennai,,,9876543211,,
ENRL2009,demouser1@indiatests.in,Demo,User,Seven,03-09-2014,f,"123, ABC",111113,Chennai,,,9876543212,,
ENRL2010,demouser1@indiatests.in,Demo,User,Seven,04-09-2014,f,"123, ABC",111114,Chennai,,,9876543213,,
,,,,,,,,,,,,,,
,,,,,,,,,,,,,,
,,,,,,,,,,,,,,
,,,,,,,,,,,,,,
,,,,,,,,,,,,,,
,,,,,,,,,,,,,,
,,,,,,,,,,,,,,
,,,,,,,,,,,,,,
,,,,,,,,,,,,,,
,,,,,,,,,,,,,,
,,,,,,,,,,,,,,
,,,,,,,,,,,,,,
,,,,,,,,,,,,,,
,,,,,,,,,,,,,,
